Louisiana State,"[('HOU', 'Randy Livingston', 1996, 0.24635695204941752), ('SAC', 'Jabari Smith', 2000, 0.2225919864814793), ('VAN', 'Stromile Swift', 2000, 0.2401826181874097), ('NOK', 'Brandon Bass', 2005, 0.1866388234767106), ('CHI', 'Tyrus Thomas', 2006, 0.2914664084117684), ('BOS', 'Glen Davis', 2007, 0.2636408511464775), ('GSW', 'Anthony Randolph', 2008, 0.32470230858067256), ('NOH', 'Marcus Thornton', 2009, 0.3697036738639134), ('MIL', ""Johnny O'Bryant III"", 2014, 0.19970445753264734), ('MEM', 'Jarell Martin', 2015, 0.2589159890494422), ('BOS', 'Jordan Mickey', 2015, 0.19881273965115087), ('BOS', 'Tremont Waters', 2019, 0.2526472203789482), ('ATL', 'Skylar Mays', 2020, 0.2330007353869589), ('BKN', 'Cam Thomas', 2021, 0.29012170243304586), ('HOU', 'Tari Eason', 2022, 0.33315087445318364)]"
Mississippi State,"[('IND', 'Erick Dampier', 1996, 0.26968862330890225), ('MEM', 'Lawrence Roberts', 2005, 0.1783695904660951), ('PHI', 'Arnett Moultrie', 2012, 0.22685918238096212), ('SAS', 'Quinndary Weatherspoon', 2019, 0.13476072457546062), ('BKN', 'Reggie Perry', 2020, 0.22493274289821322), ('SAC', 'Robert Woodard II', 2020, 0.20569294704163785)]"
Georgetown,"[('DET', 'Jerome Williams', 1996, 0.18688345441659202), ('HOU', 'Othella Harrington', 1996, 0.24542493131044255), ('PHI', 'Allen Iverson', 1996, 0.5767287084871425), ('WAS', 'Jahidi White', 1998, 0.20432048949558534), ('POR', 'Ruben Boumtje-Boumtje', 2001, 0.15241623245485086), ('NYK', 'Michael Sweetney', 2003, 0.260963420729002), ('SEA', 'Jeff Green', 2007, 0.330873482975846), ('IND', 'Roy Hibbert', 2008, 0.29271783209653224), ('DET', 'DaJuan Summers', 2009, 0.19330570919802467), ('DET', 'Greg Monroe', 2010, 0.35386317169319553), ('WAS', 'Otto Porter Jr.', 2013, 0.170490216606448)]"
Syracuse,"[('NYK', 'John Wallace', 1996, 0.2603762805376708), ('MIL', 'Jason Hart', 2000, 0.2448908982937618), ('PHI', 'Damone Brown', 2001, 0.18631796720748342), ('DEN', 'Carmelo Anthony', 2003, 0.4931846080860671), ('MEM', 'Hakim Warrick', 2005, 0.23937330002470417), ('CHI', 'Demetris Nichols', 2007, 0.18430033337785537), ('SAC', 'Donte Greene', 2008, 0.19996941266994284), ('MIN', 'Jonny Flynn', 2009, 0.4018685100728021), ('MIN', 'Wesley Johnson', 2010, 0.29288966641472175), ('NYK', 'Andy Rautins', 2010, 0.2248795918365529), ('CLE', 'Dion Waiters', 2012, 0.387002590357498), ('BOS', 'Fab Melo', 2012, 0.13543043950207748), ('BKN', 'Kris Joseph', 2012, 0.12957436106928844), ('PHI', 'Michael Carter-Williams', 2013, 0.5166513919560319), ('MIL', 'Tyler Ennis', 2014, 0.23717885324934365), ('PHI', 'Jerami Grant', 2014, 0.254681235602431), ('BKN', 'Chris McCullough', 2015, 0.22275454433737377), ('IND', 'Rakeem Christmas', 2015, 0.2649971488205216), ('DET', 'Michael Gbinije', 2016, 0.1071431747868266), ('SAC', 'Malachi Richardson', 2016, 0.21453739390545082), ('DEN', 'Tyler Lydon', 2017, 0.0), ('UTA', 'Elijah Hughes', 2020, 0.2052093993768135)]"
North Carolina,"[('DEN', 'Jeff McInnis', 1996, 0.27693927544247365), ('GSW', 'Antawn Jamison', 1998, 0.34060663392372553), ('TOR', 'Vince Carter', 1998, 0.46401402916764584), ('ATL', 'Shammond Williams', 1998, 0.23169885977513063), ('BOS', 'Joseph Forte', 2001, 0.14849568012804384), ('WAS', 'Brendan Haywood', 2001, 0.2576105470620779), ('CHA', 'Sean May', 2005, 0.32585150314328354), ('ATL', 'Marvin Williams', 2005, 0.2966209310430867), ('CHA', 'Raymond Felton', 2005, 0.4108398825811168), ('MIN', 'Rashad McCants', 2005, 0.2811327057970614), ('MIL', 'David Noel', 2006, 0.19632996135482675), ('GSW', 'Brandan Wright', 2007, 0.22910177089277428), ('IND', 'Tyler Hansbrough', 2009, 0.32445014320844606), ('DEN', 'Ty Lawson', 2009, 0.33158633081464894), ('CLE', 'Danny Green', 2009, 0.18769302219979303), ('MIN', 'Wayne Ellington', 2009, 0.2525439524481738), ('TOR', 'Ed Davis', 2010, 0.31483212084932094), ('CLE', 'Tyler Zeller', 2012, 0.30420789997467174), ('MIL', 'John Henson', 2012, 0.2909577920764932), ('GSW', 'Harrison Barnes', 2012, 0.30992714875931254), ('PHX', 'Kendall Marshall', 2012, 0.22366359742261888), ('LAC', 'Reggie Bullock', 2013, 0.18141660155689077), ('CHA', 'PJ Hairston', 2014, 0.231605839424756), ('LAC', 'Brice Johnson', 2016, 0.3593127514324798), ('SAC', 'Justin Jackson', 2017, 0.24998645889869145), ('UTA', 'Tony Bradley', 2017, 0.1456808983940005), ('PHX', 'Cameron Johnson', 2019, 0.29189353000739016), ('CHI', 'Coby White', 2019, 0.37679966664199277), ('POR', 'Nassir Little', 2019, 0.2030157916236235), ('ORL', 'Cole Anthony', 2020, 0.41802476351569684), ('BKN', ""Day'Ron Sharpe"", 2021, 0.3232490681976677)]"
Michigan State,"[('SAS', 'Jamie Feick', 1996, 0.2388256609846686), ('DET', 'Mateen Cleaves', 2000, 0.27589816624270996), ('TOR', 'Morris Peterson', 2000, 0.3095426068332349), ('POR', 'Zach Randolph', 2001, 0.23312070522975517), ('GSW', 'Jason Richardson', 2001, 0.39013681432145403), ('LAC', 'Paul Davis', 2006, 0.1747537214826407), ('DAL', 'Maurice Ager', 2006, 0.1850206862585734), ('CLE', 'Shannon Brown', 2006, 0.20800602099208135), ('GSW', 'Draymond Green', 2012, 0.2056084186163163), ('MIN', 'Adreian Payne', 2014, 0.28181784822193184), ('DEN', 'Gary Harris', 2014, 0.18224253245280794), ('LAC', 'Branden Dawson', 2015, 0.12695012761867572), ('CHI', 'Denzel Valentine', 2016, 0.23857884745136848), ('MEM', 'Deyonta Davis', 2016, 0.1708572733193323), ('MEM', 'Jaren Jackson Jr.', 2018, 0.37733393470636284), ('CHA', 'Miles Bridges', 2018, 0.28213188800633815), ('WAS', 'Cassius Winston', 2020, 0.1971642218009003), ('MEM', 'Xavier Tillman', 2020, 0.29651558080815504), ('LAL', 'Max Christie', 2022, 0.18874010960542145)]"
Texas Tech,"[('DAL', 'Jason Sasser', 1996, 0.1754371881838934), ('DEN', 'Tony Battie', 1997, 0.314541755397943), ('CHI', 'Cory Carr', 1998, 0.22625822068055298), ('MEM', 'Andre Emmett', 2004, 0.1524492018572255), ('PHI', 'Zhaire Smith', 2018, 0.2866396703085823), ('MIN', 'Jarrett Culver', 2019, 0.3002754155509017), ('SAC', ""Jahmi'us Ramsey"", 2020, 0.20607501466812908)]"
Western Kentucky,"[('VAN', 'Chris Robinson', 1996, 0.2310995681477245), ('ORL', 'Courtney Lee', 2008, 0.291786649788013), ('UTA', 'Jeremy Evans', 2010, 0.2331967416927324), ('PHI', 'Charles Bassey', 2021, 0.23362352704148426)]"
Indiana,"[('ORL', 'Brian Evans', 1996, 0.17162396427315466), ('MIN', 'Andrae Patterson', 1998, 0.22541153511682777), ('CHI', 'A.J. Guyton', 2000, 0.24605744184294517), ('CHH', 'Kirk Haston', 2001, 0.19090425234167693), ('WAS', 'Jared Jeffries', 2002, 0.2511825072744767), ('MIN', 'Bracey Wright', 2005, 0.2949243499645056), ('OKC', 'DJ White', 2008, 0.3201149576419326), ('LAC', 'Eric Gordon', 2008, 0.3888297287957809), ('CHA', 'Cody Zeller', 2013, 0.2808508739871056), ('ORL', 'Victor Oladipo', 2013, 0.4222515218832819), ('CHA', 'Noah Vonleh', 2014, 0.2222804615764219), ('TOR', 'OG Anunoby', 2017, 0.26150043847957966), ('LAL', 'Thomas Bryant', 2017, 0.1721358275651336), ('BOS', 'Romeo Langford', 2019, 0.18421490545428373)]"
Arkansas-Little Rock,"[('LAL', 'Derek Fisher', 1996, 0.2448549182186109)]"
Georgia,"[('UTA', 'Shandon Anderson', 1996, 0.2701600122941665), ('PHI', 'Jumaine Jones', 1999, 0.2091625891342359), ('WAS', 'Jarvis Hayes', 2003, 0.3025469649641787), ('LAC', 'Travis Leslie', 2011, 0.17678361506352083), ('LAC', 'Trey Thompkins', 2011, 0.2145656175516728), ('DET', 'Kentavious Caldwell-Pope', 2013, 0.21869525975972168), ('BKN', 'Nicolas Claxton', 2019, 0.24598913728259011), ('MIN', 'Anthony Edwards', 2020, 0.45597279362623544)]"
California,"[('VAN', 'Shareef Abdur-Rahim', 1996, 0.47240330564786265), ('ATL', 'Ed Gray', 1997, 0.2803204907804717), ('TOR', 'Sean Marks', 1998, 0.1956943900922019), ('MIL', 'Jamal Sampson', 2002, 0.09313348822923728), ('BOS', 'Leon Powe', 2006, 0.2436825111131061), ('NJN', 'Ryan Anderson', 2008, 0.2965408090775818), ('POR', 'Allen Crabbe', 2013, 0.18137138198295508), ('BOS', 'Jaylen Brown', 2016, 0.2649244481681334), ('BOS', 'Jabari Bird', 2017, 0.22876397685706676)]"
Louisville,"[('DAL', 'Samaki Walker', 1996, 0.25249237905563193), ('MIN', 'DeJuan Wheat', 1997, 0.1872397322328149), ('ORL', 'Reece Gaines', 2003, 0.16889167631401839), ('SAC', 'Francisco Garcia', 2005, 0.2546266104771851), ('NJN', 'Terrence Williams', 2009, 0.3457045422977459), ('PHX', 'Earl Clark', 2009, 0.20232224820408473), ('MIN', 'Gorgui Dieng', 2013, 0.2746097383133583), ('DET', 'Peyton Siva', 2013, 0.19009463698918286), ('MEM', 'Russ Smith', 2014, 0.25063842327843455), ('BOS', 'Terry Rozier', 2015, 0.17971939965997627), ('HOU', 'Montrezl Harrell', 2015, 0.23193528587625467), ('HOU', 'Chinanu Onuaku', 2016, 0.2313466884585207), ('UTA', 'Donovan Mitchell', 2017, 0.49572296000068966), ('PHX', 'Ray Spalding', 2018, 0.23440345665939355), ('MIL', 'Jordan Nwora', 2020, 0.2730708303036748), ('TOR', 'David Johnson', 2021, 0.061268209083119106)]"
Alabama,"[('VAN', 'Roy Rogers', 1996, 0.2718045330621471), ('DEN', 'Eric Washington', 1997, 0.2555986721585168), ('SAC', 'Gerald Wallace', 2001, 0.2166556836965298), ('UTA', 'Mo Williams', 2003, 0.24357108729105792), ('CHA', 'Jermareo Davidson', 2007, 0.21383925958914884), ('CLE', 'Collin Sexton', 2018, 0.40657746734940564), ('NOP', 'Kira Lewis Jr.', 2020, 0.2620507871899961), ('NOP', 'Herbert Jones', 2021, 0.3161496116239188), ('SAS', 'Joshua Primo', 2021, 0.2468848623504429), ('BOS', 'JD Davison', 2022, 0.18276547068369284)]"
Georgia Tech,"[('MIN', 'Stephon Marbury', 1996, 0.492336921698785), ('ORL', 'Matt Harpring', 1998, 0.29877700077899555), ('ATL', 'Dion Glover', 1999, 0.25400933684984334), ('HOU', 'Jason Collier', 2000, 0.20167708214422378), ('PHI', 'Alvin Jones', 2001, 0.16456043565987225), ('TOR', 'Chris Bosh', 2003, 0.3636169250641022), ('POR', 'Jarrett Jack', 2005, 0.29115297510147414), ('MEM', 'Javaris Crittenton', 2007, 0.26131810581938225), ('PHI', 'Thaddeus Young', 2007, 0.31295682804709657), ('PHX', 'Gani Lawal', 2010, 0.0), ('UTA', 'Derrick Favors', 2010, 0.29108978275293435), ('NYK', 'Iman Shumpert', 2011, 0.331589319696683), ('WAS', 'Glen Rice', 2013, 0.20173096545900324)]"
Tennessee,"[('BOS', 'Steve Hamer', 1996, 0.1827826749669238), ('MIL', 'Marcus Haislip', 2002, 0.21221139577831805), ('DEN', 'Vincent Yarbrough', 2002, 0.2753402870136709), ('MIL', 'Tobias Harris', 2011, 0.25110466406565884), ('MEM', 'Jarnell Stokes', 2014, 0.23739784581990478), ('MIA', 'Josh Richardson', 2015, 0.26046585087010005), ('BOS', 'Grant Williams', 2019, 0.2245796908842793), ('DET', 'Jordan Bone', 2019, 0.15043439891635343), ('WAS', 'Admiral Schofield', 2019, 0.18011566845647606), ('PHI', 'Jaden Springer', 2021, 0.22829638855141918), ('POR', 'Keon Johnson', 2021, 0.28369242204796674), ('MEM', 'Kennedy Chandler', 2022, 0.19632717135014452)]"
Santa Clara,"[('PHX', 'Steve Nash', 1996, 0.23684468929667932), ('OKC', 'Jalen Williams', 2022, 0.40055269695713047)]"
Kentucky,"[('NYK', 'Walter McCarty', 1996, 0.19966246590851325), ('CHH', 'Tony Delk', 1996, 0.266583042186003), ('BOS', 'Antoine Walker', 1996, 0.49620974641495774), ('BOS', 'Ron Mercer', 1997, 0.37459055980030875), ('CLE', 'Derek Anderson', 1997, 0.3762108926812327), ('PHI', 'Nazr Mohammed', 1998, 0.2370488785548622), ('UTA', 'Scott Padgett', 1999, 0.19579857347666704), ('CHH', 'Jamaal Magloire', 2000, 0.25477943186052676), ('DET', 'Tayshaun Prince', 2002, 0.2066505647337246), ('ORL', 'Keith Bogans', 2003, 0.2748447251744031), ('BOS', 'Rajon Rondo', 2006, 0.31771649557859993), ('NYK', 'Joe Crawford', 2008, 0.27237694711848226), ('PHI', 'Jodie Meeks', 2009, 0.22982870558717852), ('WAS', 'John Wall', 2010, 0.525899413531206), ('LAC', 'Eric Bledsoe', 2010, 0.31387910740601294), ('SAC', 'DeMarcus Cousins', 2010, 0.46300165078770866), ('HOU', 'Patrick Patterson', 2010, 0.2771992536074686), ('NYK', 'Josh Harrellson', 2011, 0.2613218632691992), ('ORL', 'DeAndre Liggins', 2011, 0.18761963034351833), ('UTA', 'Enes Kanter', 2011, 0.25029338303872756), ('DET', 'Brandon Knight', 2011, 0.3849205857085938), ('HOU', 'Terrence Jones', 2012, 0.25958327170641515), ('ORL', 'Doron Lamb', 2012, 0.1861299432684781), ('NOH', 'Anthony Davis', 2012, 0.4103501352851208), ('NOH', 'Darius Miller', 2012, 0.1756654349885374), ('CHI', 'Marquis Teague', 2012, 0.1982593832849752), ('CHA', 'Michael Kidd-Gilchrist', 2012, 0.33113578739556565), ('PHX', 'Archie Goodwin', 2013, 0.21976229110535095), ('LAL', 'Julius Randle', 2014, 0.12743426347414236), ('BOS', 'James Young', 2014, 0.1888913590899893), ('PHX', 'Devin Booker', 2015, 0.3678701618795403), ('UTA', 'Trey Lyles', 2015, 0.26852924347742535), ('SAC', 'Willie Cauley-Stein', 2015, 0.2850122568140982), ('MIN', 'Karl-Anthony Towns', 2015, 0.5152521531062757), ('PHX', 'Tyler Ulis', 2016, 0.309274023229184), ('SAC', 'Skal Labissiere', 2016, 0.32831645212828003), ('DEN', 'Jamal Murray', 2016, 0.32516087290929613), ('CHA', 'Malik Monk', 2017, 0.26761004016004025), ('SAC', ""De'Aaron Fox"", 2017, 0.38197121649878896), ('MIA', 'Bam Adebayo', 2017, 0.3126396740381819), ('OKC', 'Hamidou Diallo', 2018, 0.2052785949187634), ('DEN', 'Jarred Vanderbilt', 2018, 0.20266037968665582), ('LAC', 'Shai Gilgeous-Alexander', 2018, 0.3468336604691211), ('NYK', 'Kevin Knox II', 2018, 0.3441288014366531), ('SAS', 'Keldon Johnson', 2019, 0.34214683366194426), ('MIA', 'Tyler Herro', 2019, 0.37475687917438966), ('CHA', 'P.J. Washington', 2019, 0.3688413255685317), ('NYK', 'Immanuel Quickley', 2020, 0.3620959537843899), ('PHI', 'Tyrese Maxey', 2020, 0.29900012799554365), ('CHA', 'Nick Richards', 2020, 0.14854274232870027), ('IND', 'Isaiah Jackson', 2021, 0.3090818565516478), ('LAC', 'Brandon Boston', 2021, 0.26458617932864903), ('HOU', 'TyTy Washington Jr.', 2022, 0.22496772403115484), ('POR', 'Shaedon Sharpe', 2022, 0.30498990600951037)]"
Wright State,"[('CLE', 'Vitaly Potapenko', 1996, 0.2653749274236526)]"
Connecticut,"[('LAL', 'Travis Knight', 1996, 0.2685206598346252), ('MIL', 'Ray Allen', 1996, 0.37841255514097555), ('WAS', 'Richard Hamilton', 1999, 0.29877471686804463), ('CHI', 'Jake Voskuhl', 2000, 0.1846669609791957), ('CHI', 'Khalid El-Amin', 2000, 0.2797552608242455), ('MIA', 'Caron Butler', 2002, 0.41161420660341586), ('CHI', 'Ben Gordon', 2004, 0.4053137086696294), ('CHA', 'Emeka Okafor', 2004, 0.44583031664585593), ('TOR', 'Charlie Villanueva', 2005, 0.37764960313686036), ('MEM', 'Rudy Gay', 2006, 0.3331220936731085), ('NOK', 'Hilton Armstrong', 2006, 0.21351403124998403), ('NJN', 'Marcus Williams', 2006, 0.32526414924402464), ('NJN', 'Josh Boone', 2006, 0.2516364084987741), ('IND', 'AJ Price', 2009, 0.2955070418397411), ('MEM', 'Hasheem Thabeet', 2009, 0.21617736488272002), ('CHA', 'Kemba Walker', 2011, 0.4042679292808051), ('OKC', 'Jeremy Lamb', 2012, 0.22020684164433524), ('DET', 'Andre Drummond', 2012, 0.33588628606193865), ('MIA', 'Shabazz Napier', 2014, 0.26543354546902465), ('CHA', 'James Bouknight', 2021, 0.2412258678456173), ('ATL', 'Tyrese Martin', 2022, 0.16778323155760466)]"
North Carolina State,"[('GSW', 'Todd Fuller', 1996, 0.22692188444971953), ('DEN', 'Julius Hodge', 2005, 0.22608002959931547), ('NOK', 'Cedric Simmons', 2006, 0.19065802569630505), ('CLE', 'JJ Hickson', 2008, 0.23329461919761338), ('PHI', 'Lorenzo Brown', 2013, 0.20519444667349637), ('PHX', 'TJ Warren', 2014, 0.2468673682124144), ('DAL', 'Dennis Smith Jr.', 2017, 0.4594975804134298)]"
Memphis,"[('LAC', 'Lorenzen Wright', 1996, 0.2905996990298057), ('CLE', 'Cedric Henderson', 1997, 0.33289850431105505), ('CLE', 'Dajuan Wagner', 2002, 0.35003573733650634), ('MEM', 'Antonio Burks', 2004, 0.2152854666435954), ('PHI', 'Rodney Carney', 2006, 0.24165658458072162), ('IND', 'Shawne Williams', 2006, 0.2153800854269421), ('HOU', 'Joey Dorsey', 2008, 0.1654905525172166), ('CHI', 'Derrick Rose', 2008, 0.47750490495290193), ('NJN', 'Chris Douglas-Roberts', 2008, 0.24917902965957525), ('SAC', 'Tyreke Evans', 2009, 0.5292226951869893), ('POR', 'Will Barton', 2012, 0.22787178674568234), ('GSW', 'James Wiseman', 2020, 0.36228688936331294), ('MIA', 'Precious Achiuwa', 2020, 0.25810770205531014), ('DET', 'Jalen Duren', 2022, 0.3734318841012472), ('MIN', 'Josh Minott', 2022, 0.24625897128678753)]"
Drexel,"[('CHH', 'Malik Rose', 1996, 0.2284756995728485)]"
Murray State,"[('POR', 'Marcus Brown', 1996, 0.24487272205046642), ('HOU', 'Isaiah Canaan', 2013, 0.23563174585523342), ('OKC', 'Cameron Payne', 2015, 0.25963688967668225), ('MEM', 'Ja Morant', 2019, 0.5242250084315891)]"
Massachusetts,"[('TOR', 'Marcus Camby', 1996, 0.4085000864604044), ('CLE', 'Lari Ketner', 1999, 0.1681995228764809), ('MIA', 'Stephane Lasme', 2007, 0.23467762345115803)]"
Villanova,"[('NJN', 'Kerry Kittles', 1996, 0.39835978212863526), ('PHI', 'Tim Thomas', 1997, 0.3354624074948112), ('TOR', 'Alvin Williams', 1997, 0.2513039992584552), ('ORL', 'Jason Lawson', 1997, 0.21140758332920806), ('LAL', 'John Celestand', 1999, 0.17640779248874397), ('TOR', 'Michael Bradley', 2001, 0.16250091508991277), ('MIN', 'Randy Foye', 2006, 0.3473175063932828), ('MEM', 'Kyle Lowry', 2006, 0.35169524154488924), ('POR', 'Dante Cunningham', 2009, 0.23353329623520921), ('DET', 'Darrun Hilliard', 2015, 0.2241085064483567), ('LAL', 'Josh Hart', 2017, 0.29129843080419504), ('MIL', 'Donte DiVincenzo', 2018, 0.26575803006460114), ('DAL', 'Jalen Brunson', 2018, 0.3281151173860374), ('ATL', 'Omari Spellman', 2018, 0.26412844612410474), ('PHX', 'Mikal Bridges', 2018, 0.28393001465969253), ('GSW', 'Eric Paschall', 2019, 0.38401652705391087), ('DET', 'Saddiq Bey', 2020, 0.34445599270319255), ('OKC', 'Jeremiah Robinson-Earl', 2021, 0.29922091711936)]"
Washington State,"[('PHI', 'Mark Hendrickson', 1996, 0.19972166565217572), ('OKC', 'Kyle Weaver', 2008, 0.2479540116528526), ('GSW', 'Klay Thompson', 2011, 0.35448004903064895), ('POR', 'CJ Elleby', 2020, 0.17960242859557118)]"
Central State (OH),"[('ATL', 'Priest Lauderdale', 1996, 0.2549246729183285)]"
Arizona,"[('CLE', 'Reggie Geary', 1996, 0.19204163309234415), ('PHX', 'Ben Davis', 1996, 0.16240373615426937), ('VAN', 'Mike Bibby', 1998, 0.4303552349652741), ('HOU', 'Michael Dickerson', 1998, 0.31024435584692456), ('ORL', 'Miles Simon', 1998, 0.1288848361609791), ('CLE', 'A.J. Bramlett', 1999, 0.13862334574479573), ('ATL', 'Jason Terry', 1999, 0.33148803349386574), ('NJN', 'Richard Jefferson', 2001, 0.32663756027207463), ('GSW', 'Gilbert Arenas', 2001, 0.36325487689192254), ('MIN', 'Loren Woods', 2001, 0.17869578366800876), ('LAL', 'Luke Walton', 2003, 0.21676963749969724), ('PHI', 'Andre Iguodala', 2004, 0.3521683597899663), ('ATL', 'Salim Stoudamire', 2005, 0.3008436094895378), ('NYK', 'Channing Frye', 2005, 0.3703878677858013), ('NJN', 'Hassan Adams', 2006, 0.2104053408073371), ('LAC', 'Marcus Williams', 2007, 0.16637380995604448), ('POR', 'Jerryd Bayless', 2008, 0.2401396074325779), ('HOU', 'Chase Budinger', 2009, 0.29584825041972135), ('HOU', 'Jordan Hill', 2009, 0.2569883279834547), ('MIN', 'Derrick Williams', 2011, 0.30842432428115624), ('IND', 'Solomon Hill', 2013, 0.18093714095648752), ('HOU', 'Nick Johnson', 2014, 0.18755725720781577), ('ORL', 'Aaron Gordon', 2014, 0.24917758113661528), ('BKN', 'Rondae Hollis-Jefferson', 2015, 0.28333718798159335), ('DET', 'Stanley Johnson', 2015, 0.30442999667842363), ('BOS', 'Kadeem Allen', 2017, 0.14414710167440087), ('CHI', 'Lauri Markkanen', 2017, 0.41552252433410386), ('PHX', 'Deandre Ayton', 2018, 0.48121750657113926), ('DEN', 'Zeke Nnaji', 2020, 0.19803866538100656), ('DAL', 'Josh Green', 2020, 0.19033892525559595), ('GSW', 'Nico Mannion', 2020, 0.2522471343639588), ('IND', 'Bennedict Mathurin', 2022, 0.39532783372042446), ('TOR', 'Christian Koloko', 2022, 0.22058658910092588), ('CHI', 'Dalen Terry', 2022, 0.20654431403869708)]"
West Florida,"[('VAN', 'Moochie Norris', 1996, 0.19256565392560146)]"
Marquette,"[('ORL', 'Amal McCaskill', 1996, 0.18474466926634428), ('ATL', 'Chris Crawford', 1997, 0.23690107252817816), ('MIA', 'Dwyane Wade', 2003, 0.4547870834425575), ('ORL', 'Travis Diener', 2005, 0.21362846955901227), ('HOU', 'Steve Novak', 2006, 0.16034789525903226), ('MIN', 'Lazar Hayward', 2010, 0.21761777330378174), ('CHI', 'Jimmy Butler', 2011, 0.2397070654815475), ('LAL', 'Darius Johnson-Odom', 2012, 0.13528248354503317), ('DAL', 'Jae Crowder', 2012, 0.23665332247880164), ('DET', 'Henry Ellenson', 2016, 0.23734371669815432)]"
Michigan,"[('LAC', 'Maurice Taylor', 1997, 0.34830395550515325), ('MIL', 'Robert Traylor', 1998, 0.28135296821263306), ('CHI', 'Jamal Crawford', 2000, 0.2453167693577496), ('CHA', 'Bernard Robinson', 2004, 0.20670874643700032), ('LAL', 'Darius Morris', 2011, 0.21004022657490953), ('UTA', 'Trey Burke', 2013, 0.4151765927789351), ('NYK', 'Tim Hardaway Jr.', 2013, 0.27845474533984094), ('SAC', 'Nik Stauskas', 2014, 0.2035636658314843), ('OKC', 'Mitch McGary', 2014, 0.3021046237575768), ('PHI', 'Glenn Robinson III', 2014, 0.1809621655366508), ('BKN', 'Caris LeVert', 2016, 0.29988549642412493), ('MIL', 'D.J. Wilson', 2017, 0.16794713437480094), ('LAL', 'Moritz Wagner', 2018, 0.24756621844083573), ('NYK', 'Ignas Brazdeikis', 2019, 0.1782937553467415), ('GSW', 'Jordan Poole', 2019, 0.2968209744419548), ('ORL', 'Franz Wagner', 2021, 0.40573961192225294), ('DET', 'Isaiah Livers', 2021, 0.26157892680154354), ('LAC', 'Moussa Diabate', 2022, 0.1944603281916845), ('ORL', 'Caleb Houstan', 2022, 0.19102717103450673)]"
Iowa State,"[('POR', 'Kelvin Cato', 1997, 0.22126973934487948), ('CHI', 'Marcus Fizer', 2000, 0.3300766396812184), ('IND', 'Jamaal Tinsley', 2001, 0.4394225235807814), ('NOH', 'Jackson Vroman', 2004, 0.2560513189184375), ('DET', 'Will Blalock', 2006, 0.16367612153787472), ('LAC', 'Mike Taylor', 2008, 0.2779512528281968), ('PHI', 'Craig Brackins', 2010, 0.1767994996762251), ('IND', 'Georges Niang', 2016, 0.1458226854451303), ('DEN', 'Monte Morris', 2017, 0.2515404279400361), ('LAL', 'Talen Horton-Tucker', 2019, 0.23823665665658122), ('PHI', 'Marial Shayok', 2019, 0.21786208859138015), ('SAC', 'Tyrese Haliburton', 2020, 0.4072550069893541)]"
Utah,"[('NJN', 'Keith Van Horn', 1997, 0.4624282357256524), ('ORL', 'Michael Doleac', 1998, 0.26724021618547916), ('CLE', 'Andre Miller', 1999, 0.4189077058352981), ('ATL', 'Hanno Mottola', 2000, 0.22476916149288295), ('MIL', 'Andrew Bogut', 2005, 0.36809372757292463), ('TOR', 'Delon Wright', 2015, 0.26399604231405993), ('TOR', 'Jakob Poeltl', 2016, 0.21432734085208802), ('LAL', 'Kyle Kuzma', 2017, 0.41839084438575574)]"
Wake Forest,"[('SAS', 'Tim Duncan', 1997, 0.5946009987618851), ('DAL', 'Josh Howard', 2003, 0.3416287524116914), ('NOK', 'Chris Paul', 2005, 0.5220245736100607), ('CHI', 'James Johnson', 2009, 0.22975271079035023), ('ATL', 'Jeff Teague', 2009, 0.2197412895689498), ('LAC', 'Al-Farouq Aminu', 2010, 0.25141996624329904), ('ATL', 'John Collins', 2017, 0.374481322156529), ('MEM', 'Jake LaRavia', 2022, 0.19184009898307208)]"
Maryland,"[('CHI', 'Keith Booth', 1997, 0.21768617957398742), ('VAN', 'Obinna Ekezie', 1999, 0.22557459180677908), ('WAS', 'Laron Profit', 1999, 0.16649408915723501), ('HOU', 'Steve Francis', 1999, 0.5261595824314564), ('HOU', 'Terence Morris', 2001, 0.21553916927812675), ('WAS', 'Juan Dixon', 2002, 0.2639324857443112), ('CHI', 'Lonny Baxter', 2002, 0.244670595742157), ('LAC', 'Chris Wilcox', 2002, 0.2368962609774096), ('WAS', 'Steve Blake', 2003, 0.2781861319073787), ('PHX', 'DJ Strawberry', 2007, 0.1828740154416387), ('MEM', 'Greivis Vasquez', 2010, 0.23377486721520027), ('NJN', 'Jordan Williams', 2011, 0.24031835356012232), ('PHX', 'Alex Len', 2013, 0.18325364898990493), ('POR', 'Jake Layman', 2016, 0.17654782463600027), ('LAC', 'Diamond Stone', 2016, 0.21445310451018396), ('ATL', 'Kevin Huerter', 2018, 0.32228841952913545), ('ATL', 'Bruno Fernando', 2019, 0.24547010541529476), ('PHX', 'Jalen Smith', 2020, 0.18294472417522192), ('OKC', 'Aaron Wiggins', 2021, 0.2883295010934707)]"
Kansas,"[('DET', 'Scot Pollard', 1997, 0.2033341364148399), ('UTA', 'Jacque Vaughn', 1997, 0.24410063841426968), ('BOS', 'Paul Pierce', 1998, 0.4388365395668381), ('DEN', 'Raef LaFrentz', 1998, 0.382971670024729), ('SAC', 'Ryan Robertson', 1999, 0.14722336799719582), ('ORL', 'Drew Gooden', 2002, 0.3866891197343869), ('CHI', 'Kirk Hinrich', 2003, 0.4275650030476494), ('MIA', 'Wayne Simien', 2005, 0.2167193272639555), ('NOH', 'Julian Wright', 2007, 0.2429051746723605), ('CLE', 'Darnell Jackson', 2008, 0.17180013397296867), ('MEM', 'Darrell Arthur', 2008, 0.2574560359389811), ('MIA', 'Mario Chalmers', 2008, 0.3668875631622606), ('IND', 'Brandon Rush', 2008, 0.2691630110572724), ('OKC', 'Cole Aldrich', 2010, 0.16741842841589494), ('MEM', 'Xavier Henry', 2010, 0.19845236168369973), ('MEM', 'Josh Selby', 2011, 0.19507647863031932), ('HOU', 'Marcus Morris', 2011, 0.18369779131356867), ('PHX', 'Markieff Morris', 2011, 0.29740537596120514), ('HOU', 'Thomas Robinson', 2012, 0.2631746643514233), ('BKN', 'Tyshawn Taylor', 2012, 0.21426336231189977), ('NOP', 'Jeff Withey', 2013, 0.21773883643439199), ('SAC', 'Ben McLemore', 2013, 0.2710585276936334), ('MIN', 'Andrew Wiggins', 2014, 0.4042657876006724), ('WAS', 'Kelly Oubre Jr.', 2015, 0.21320793646790334), ('NOP', 'Cheick Diallo', 2016, 0.26727273466110774), ('PHX', 'Josh Jackson', 2017, 0.3710396242646042), ('SAC', 'Frank Mason', 2017, 0.31928472121197493), ('CHA', ""Devonte' Graham"", 2018, 0.24817104447072139), ('DET', 'Svi Mykhailiuk', 2018, 0.19065765891396816), ('UTA', 'Udoka Azubuike', 2020, 0.16490693078401272), ('UTA', 'Ochai Agbaji', 2022, 0.26138557500684634), ('DEN', 'Christian Braun', 2022, 0.2263964916673341)]"
Southern California,"[('HOU', 'Rodrick Rhodes', 1997, 0.2505495519777467), ('CLE', 'Jeff Trepagnier', 2001, 0.19538702698979496), ('NJN', 'Brian Scalabrine', 2001, 0.19206129991508705), ('BOS', 'Gabe Pruitt', 2007, 0.19361318159463184), ('WAS', 'Nick Young', 2007, 0.27906963067712437), ('MEM', 'O.J. Mayo', 2008, 0.4376553745025378), ('CHI', 'Taj Gibson', 2009, 0.34010535431934824), ('TOR', 'DeMar DeRozan', 2009, 0.2804225484724126), ('PHI', 'Nikola Vucevic', 2011, 0.28057598327818534), ('CLE', 'Kevin Porter Jr.', 2019, 0.33026657890173167), ('ATL', 'Onyeka Okongwu', 2020, 0.2498862910647425), ('CLE', 'Evan Mobley', 2021, 0.4494999713503216), ('CLE', 'Isaiah Mobley', 2022, 0.25406081099393324)]"
San Jose State,"[('SAC', 'Tariq Abdul-Wahad', 1997, 0.25587557215007334)]"
Colgate,"[('GSW', 'Adonal Foyle', 1997, 0.20840411036126869)]"
College of Charleston,"[('SAC', 'Anthony Johnson', 1997, 0.3047827250135185), ('LAL', 'Andrew Goudelock', 2011, 0.2265777942723816), ('UTA', 'Jarrell Brantley', 2019, 0.20563015116845015), ('CHA', 'Grant Riller', 2020, 0.23961239126252)]"
Bradley,"[('PHI', 'Anthony Parker', 1997, 0.18806062771815824), ('GSW', ""Patrick O'Bryant"", 2006, 0.1935065267551638)]"
Bowling Green,"[('VAN', 'Antonio Daniels', 1997, 0.3213935094346409), ('PHI', 'Richaun Holmes', 2015, 0.2515035128650782)]"
Cincinnati,"[('DEN', 'Danny Fortson', 1997, 0.3535119340699298), ('LAL', 'Ruben Patterson', 1998, 0.2162698023648387), ('NJN', 'Kenyon Martin', 2000, 0.3865250900093086), ('ATL', 'DerMarr Johnson', 2000, 0.23280789318317927), ('DEN', 'Kenny Satterfield', 2001, 0.27835187597893096), ('DET', 'Jason Maxiell', 2005, 0.19626225071257583), ('SAS', 'James White', 2006, 0.28179100442109367), ('IND', 'Lance Stephenson', 2010, 0.23890598517004513), ('GSW', 'Jacob Evans', 2018, 0.152484724828621)]"
Providence,"[('IND', 'Austin Croshere', 1997, 0.1980564457597708), ('WAS', 'God Shammgod', 1997, 0.24045818905795938), ('BOS', 'Ryan Gomes', 2005, 0.29699992281364723), ('NJN', 'MarShon Brooks', 2011, 0.36228706968507907), ('DAL', 'Ricky Ledo', 2013, 0.2606476271525564), ('MIN', 'Kris Dunn', 2016, 0.2330638234010314), ('DAL', 'Ben Bentil', 2016, 0.08863854024900449)]"
Colorado,"[('TOR', 'Chauncey Billups', 1997, 0.3591615401300026), ('IND', 'David Harrison', 2004, 0.261658153049284), ('UTA', 'Alec Burks', 2011, 0.2726109806785693), ('OKC', 'Andre Roberson', 2013, 0.19834419087490063), ('DET', 'Spencer Dinwiddie', 2014, 0.26618662313381203), ('SAS', 'Derrick White', 2017, 0.25366126522271926), ('DAL', 'Tyler Bey', 2020, 0.14605331107842282), ('POR', 'Jabari Walker', 2022, 0.21988052637123515)]"
New Mexico,"[('LAC', 'Charles Smith', 1997, 0.21964584463002698), ('HOU', 'Kenny Thomas', 1999, 0.3306783792502339), ('IND', 'Danny Granger', 2005, 0.30162432846784276), ('BOS', 'J.R. Giddens', 2008, 0.2909596709388635), ('CHI', 'Tony Snell', 2013, 0.21368969191964146), ('CHI', 'Cameron Bairstow', 2014, 0.12025070985232383)]"
UCLA,"[('DET', ""Charles O'Bannon"", 1997, 0.18444973457981637), ('VAN', 'J.R. Henderson', 1998, 0.2057699197794393), ('PHX', 'Toby Bailey', 1998, 0.20445449041009275), ('SEA', 'Jelani McCoy', 1998, 0.25546077811012047), ('CHH', 'Baron Davis', 1999, 0.3073918295691526), ('BOS', 'Jerome Moiso', 2000, 0.18407913665077735), ('SEA', 'Earl Watson', 2001, 0.23305375456640023), ('MIL', 'Dan Gadzuric', 2002, 0.2131448999284157), ('CLE', 'Jason Kapono', 2003, 0.20318739929180674), ('NYK', 'Trevor Ariza', 2004, 0.2610037831775654), ('PHX', 'Dijon Thompson', 2005, 0.23855359035358892), ('CHA', 'Ryan Hollins', 2006, 0.19963570716028545), ('LAL', 'Jordan Farmar', 2006, 0.24823062173488528), ('DET', 'Arron Afflalo', 2007, 0.22735966793956827), ('MIL', 'Luc Mbah a Moute', 2008, 0.29830896218903646), ('MIN', 'Kevin Love', 2008, 0.3983599368762996), ('OKC', 'Russell Westbrook', 2008, 0.4698444841796319), ('NOH', 'Darren Collison', 2009, 0.42148468847883463), ('PHI', 'Jrue Holiday', 2009, 0.33025702873742985), ('MIN', 'Malcolm Lee', 2011, 0.21454519723922671), ('SAC', 'Tyler Honeycutt', 2011, 0.14954277051381593), ('MIN', 'Shabazz Muhammad', 2013, 0.2297876632670366), ('MIN', 'Zach LaVine', 2014, 0.35977905390300524), ('MEM', 'Jordan Adams', 2014, 0.20825970738763452), ('SAS', 'Kyle Anderson', 2014, 0.1812536197639978), ('GSW', 'Kevon Looney', 2015, 0.2074788615504064), ('TOR', 'Norman Powell', 2015, 0.2665746890476093), ('LAL', 'Lonzo Ball', 2017, 0.4555141498894309), ('IND', 'TJ Leaf', 2017, 0.18923058367150938), ('IND', 'Ike Anigbogu', 2017, 0.1838135087357241), ('IND', 'Aaron Holiday', 2018, 0.28234534742816725), ('DEN', 'Thomas Welsh', 2018, 0.20020929322361578), ('DEN', 'Peyton Watson', 2022, 0.2170263150994016)]"
Stanford,"[('CLE', 'Brevin Knight', 1997, 0.44224829320559955), ('GSW', 'Tim Young', 1999, 0.1938436850833232), ('LAL', 'Mark Madsen', 2000, 0.1803133621772128), ('NJN', 'Jason Collins', 2001, 0.2554502111959707), ('UTA', 'Jarron Collins', 2001, 0.27516630907662337), ('PHX', 'Casey Jacobsen', 2002, 0.23292607606818683), ('ATL', 'Josh Childress', 2004, 0.3465687648399758), ('PHX', 'Robin Lopez', 2008, 0.20092783296582392), ('NJN', 'Brook Lopez', 2008, 0.4008149640023995), ('NYK', 'Landry Fields', 2010, 0.35372209683551675), ('DAL', 'Dwight Powell', 2014, 0.20983658664417015), ('LAL', 'Anthony Brown', 2015, 0.19005382111867078), ('MIA', 'KZ Okpala', 2019, 0.16485429838393495), ('DAL', 'Tyrell Terry', 2020, 0.13178780738634768), ('MEM', 'Ziaire Williams', 2021, 0.2674522285335561)]"
Cal State-Bakersfield,"[('PHI', 'Kebu Stewart', 1997, 0.24078400260928237)]"
Austin Peay,"[('DAL', 'Bubba Wells', 1997, 0.21879725628099544), ('CHI', 'Trenton Hassell', 2001, 0.2997116984402041)]"
Minnesota,"[('DEN', 'Bobby Jackson', 1997, 0.4086304814423511), ('TOR', 'John Thomas', 1997, 0.20248472942149118), ('LAL', 'Sam Jacobson', 1998, 0.32838899038857455), ('UTA', 'Quincy Lewis', 1999, 0.2071978317063438), ('MIL', 'Joel Przybilla', 2000, 0.13015603099418674), ('UTA', 'Kris Humphries', 2004, 0.23349353746230203), ('LAC', 'Daniel Oturu', 2020, 0.19435049256661294)]"
Long Beach State,"[('SEA', 'James Cotton', 1997, 0.24654254210399476)]"
Florida State,"[('LAC', 'James Collins', 1997, 0.2118930655743246), ('DAL', 'Randell Jackson', 1999, 0.16184351554126472), ('LAL', 'Von Wafer', 2005, 0.1748217181324622), ('MEM', 'Alexander Johnson', 2006, 0.24173269159441077), ('LAC', 'Al Thornton', 2007, 0.35982454755834903), ('NYK', 'Toney Douglas', 2009, 0.30032565934517663), ('TOR', 'Solomon Alabi', 2010, 0.11310011340506139), ('WAS', 'Chris Singleton', 2011, 0.21776845296034741), ('DAL', 'Bernard James', 2012, 0.20280870113826266), ('DEN', 'Malik Beasley', 2016, 0.26746350407353914), ('ORL', 'Jonathan Isaac', 2017, 0.2408520745665248), ('CHA', 'Dwayne Bacon', 2017, 0.1928842685948744), ('LAC', 'Terance Mann', 2019, 0.19966983299713023), ('LAC', 'Mfiondu Kabengele', 2019, 0.24345003041913058), ('SAS', 'Devin Vassell', 2020, 0.23750123214125382), ('CHI', 'Patrick Williams', 2020, 0.3083725846381296), ('TOR', 'Scottie Barnes', 2021, 0.4552430618656016)]"
Tennessee-Chattanooga,"[('ORL', 'Johnny Taylor', 1997, 0.21260003584918122)]"
Tulane,"[('MIL', 'Jerald Honeycutt', 1997, 0.2855237008650286), ('ORL', 'Melvin Frazier Jr.', 2018, 0.15917290843090057)]"
Rhode Island,"[('HOU', 'Cuttino Mobley', 1998, 0.32120737930355164), ('DEN', 'Tyson Wheeler', 1998, 0.5389664548913808), ('LAC', 'Lamar Odom', 1999, 0.493178888428446)]"
St. John's (NY),"[('VAN', 'Felipe Lopez', 1998, 0.3030649979745073), ('CHI', 'Metta World Peace', 1999, 0.36857490578534186), ('NYK', 'Lavor Postell', 2000, 0.21532384867848184), ('POR', 'Erick Barkley', 2000, 0.2366054478809955), ('ORL', 'Maurice Harkless', 2012, 0.28090766486558466)]"
Oregon State,"[('CHI', 'Corey Benjamin', 1998, 0.21775790262995298), ('DAL', 'Jared Cunningham', 2012, 0.23246031244273024)]"
Ball State,"[('POR', 'Bonzi Wells', 1998, 0.3110478420783173)]"
Baylor,"[('LAC', 'Brian Skinner', 1998, 0.22220023145642367), ('GSW', 'Ekpe Udoh', 2010, 0.2336017496367577), ('DEN', 'Quincy Miller', 2012, 0.16138294104073822), ('TOR', 'Quincy Acy', 2012, 0.26818939242818723), ('OKC', 'Perry Jones III', 2012, 0.19998867443076626), ('BKN', 'Cory Jefferson', 2014, 0.24084036923583832), ('ATL', 'Taurean Prince', 2016, 0.24993487147008572), ('UTA', 'Jared Butler', 2021, 0.24689480766309457), ('SAC', 'Davion Mitchell', 2021, 0.3598544033189957), ('IND', 'Kendall Brown', 2022, 0.18594430790489594), ('SAS', 'Jeremy Sochan', 2022, 0.365722813768485)]"
Valparaiso,"[('HOU', 'Bryce Drew', 1998, 0.2105185142554423), ('PHX', 'Alec Peters', 2017, 0.23391676865199273)]"
Toledo,"[('PHI', 'Casey Shaw', 1998, 0.1477367390560723), ('GSW', 'Ryan Rollins', 2022, 0.2284916188130132)]"
Duke,"[('ATL', 'Roshown McLeod', 1998, 0.25072724366389676), ('MIN', 'William Avery', 1999, 0.21386977018111344), ('CLE', 'Trajan Langdon', 1999, 0.27673198473192656), ('ORL', 'Corey Maggette', 1999, 0.3128559601333261), ('CHI', 'Elton Brand', 1999, 0.5187213761759802), ('MEM', 'Shane Battier', 2001, 0.3926724337875702), ('GSW', 'Mike Dunleavy', 2002, 0.2641543730083111), ('CLE', 'Carlos Boozer', 2002, 0.36528695828322805), ('CHI', 'Jay Williams', 2002, 0.3616486435286044), ('MEM', 'Dahntay Jones', 2003, 0.1803107048132122), ('CHI', 'Luol Deng', 2004, 0.38646645242722705), ('CHI', 'Chris Duhon', 2004, 0.31138027927716067), ('LAC', 'Daniel Ewing', 2005, 0.21155575216113118), ('ATL', 'Shelden Williams', 2006, 0.27394124913538054), ('ORL', 'JJ Redick', 2006, 0.24368209863887605), ('POR', 'Josh McRoberts', 2007, 0.26760461546819553), ('CHA', 'Gerald Henderson', 2009, 0.19128647053001369), ('CLE', 'Kyrie Irving', 2011, 0.5005134579530169), ('POR', 'Nolan Smith', 2011, 0.22351475425955716), ('NOH', 'Austin Rivers', 2012, 0.252556151771973), ('IND', 'Miles Plumlee', 2012, 0.15614788792286574), ('LAL', 'Ryan Kelly', 2013, 0.29464982331371276), ('BKN', 'Mason Plumlee', 2013, 0.3108223137124032), ('UTA', 'Rodney Hood', 2014, 0.3037334181047661), ('MIL', 'Jabari Parker', 2014, 0.3683551253478659), ('PHI', 'Jahlil Okafor', 2015, 0.44931780220482165), ('MIN', 'Tyus Jones', 2015, 0.24483956380333272), ('MIA', 'Justise Winslow', 2015, 0.28851526744130523), ('LAL', 'Brandon Ingram', 2016, 0.3115137540916672), ('DET', 'Luke Kennard', 2017, 0.2922280432619346), ('BOS', 'Jayson Tatum', 2017, 0.3932810222718919), ('UTA', 'Grayson Allen', 2018, 0.24497383143705612), ('CHI', 'Wendell Carter Jr.', 2018, 0.3742387579559372), ('SAC', 'Marvin Bagley III', 2018, 0.4217716550872774), ('ATL', 'Cam Reddish', 2019, 0.31399316502536717), ('NOP', 'Zion Williamson', 2019, 0.5248139230661041), ('CLE', 'Marques Bolden', 2019, 0.1810122762931539), ('NYK', 'RJ Barrett', 2019, 0.39894368399170155), ('IND', 'Cassius Stanley', 2020, 0.19185698587342595), ('SAS', 'Tre Jones', 2020, 0.20155863710974217), ('CHA', 'Vernon Carey Jr.', 2020, 0.20309029951213117), ('ATL', 'Jalen Johnson', 2021, 0.20666074744505894), ('ORL', 'Paolo Banchero', 2022, 0.5121813563320105), ('NYK', 'Trevor Keels', 2022, 0.16603946372764036), ('MIN', 'Wendell Moore Jr.', 2022, 0.16277339101931823), ('ATL', 'AJ Griffin', 2022, 0.2815642800198999), ('CHA', 'Mark Williams', 2022, 0.34650794314837025)]"
South Carolina,"[('CLE', 'Ryan Stack', 1998, 0.19141446185186217), ('NYK', 'Renaldo Balkman', 2006, 0.25939732951286776), ('LAC', 'Sindarius Thornwell', 2017, 0.2041964840825551)]"
Notre Dame,"[('PHX', 'Pat Garrity', 1998, 0.2514540489751427), ('GSW', 'Troy Murphy', 2001, 0.26467244278979), ('MEM', 'Ryan Humphrey', 2002, 0.16812790334346886), ('CLE', 'Luke Harangody', 2010, 0.222280769380088), ('NYK', 'Jerian Grant', 2015, 0.2685198873442793), ('POR', 'Pat Connaughton', 2015, 0.16211681619224014), ('BOS', 'Demetrius Jackson', 2016, 0.24596245899094746), ('SAS', 'Blake Wesley', 2022, 0.2571631261771867)]"
Iowa,"[('CHH', 'Ricky Davis', 1998, 0.25596234244872235), ('ORL', 'Devyn Marble', 2014, 0.17484299286691649), ('DET', 'Luka Garza', 2021, 0.2639511274768931), ('SAS', 'Joe Wieskamp', 2021, 0.1645906823918983), ('SAC', 'Keegan Murray', 2022, 0.3399552606969077)]"
Nebraska,"[('LAL', 'Tyronn Lue', 1998, 0.2427197819738597), ('TOR', 'Dalano Banton', 2021, 0.22409391022374545), ('CHA', 'Bryce McGowens', 2022, 0.23397524012882207)]"
Nevada-Las Vegas,"[('DEN', 'Keon Clark', 1998, 0.21169704512654133), ('PHX', 'Shawn Marion', 1999, 0.36938966458861633), ('BOS', 'Marcus Banks', 2003, 0.271878108969618), ('CLE', 'Anthony Bennett', 2013, 0.22923372373936388), ('GSW', 'Patrick McCaw', 2016, 0.2056368897760689), ('ORL', 'Stephen Zimmerman', 2016, 0.15577368474650527)]"
Florida,"[('SAC', 'Jason Williams', 1998, 0.4100288479479474), ('ORL', 'Mike Miller', 2000, 0.34467216955192786), ('DAL', 'Donnell Harvey', 2000, 0.18796835751269433), ('NYK', 'David Lee', 2005, 0.2640505204151944), ('ATL', 'Al Horford', 2007, 0.39144459425946504), ('MIN', 'Chris Richard', 2007, 0.17559607853340178), ('MIN', 'Corey Brewer', 2007, 0.2551052242563573), ('CHI', 'Joakim Noah', 2007, 0.2981676584203019), ('DEN', 'Taurean Green', 2007, 0.21467395396126687), ('PHI', 'Marreese Speights', 2008, 0.2929210620364946), ('HOU', 'Chandler Parsons', 2011, 0.3354858579433324), ('DET', 'Vernon Macklin', 2011, 0.18803973050621633), ('WAS', 'Bradley Beal', 2012, 0.3749248291533929), ('CHI', 'Erik Murphy', 2013, 0.09336477056223523), ('CHA', 'Scottie Lewis', 2021, 0.12783718287051338), ('OKC', 'Tre Mann', 2021, 0.31423267738638755)]"
Florida A&M,"[('SAC', 'Jerome James', 1998, 0.2370913170336868)]"
Pacific,"[('LAC', 'Michael Olowokandi', 1998, 0.3386376404605629)]"
Saint Louis,"[('PHI', 'Larry Hughes', 1998, 0.3304748366629162)]"
Tulsa,"[('CHI', 'Michael Ruffin', 1999, 0.19471719991513206)]"
Washington,"[('PHI', 'Todd MacCulloch', 1999, 0.22590057271601646), ('NYK', 'Nate Robinson', 2005, 0.3157894020927557), ('POR', 'Brandon Roy', 2006, 0.44419239647498215), ('PHI', 'Bobby Jones', 2006, 0.21245579316732974), ('SAC', 'Spencer Hawes', 2007, 0.2481610346065061), ('SAC', 'Jon Brockman', 2009, 0.21736091787761538), ('NOH', 'Quincy Pondexter', 2010, 0.1815816826278397), ('SAC', 'Isaiah Thomas', 2011, 0.37419245434028875), ('MEM', 'Tony Wroten', 2012, 0.21721200319839182), ('TOR', 'Terrence Ross', 2012, 0.2479160857129162), ('LAC', 'CJ Wilcox', 2014, 0.20451246191122938), ('PHX', 'Marquese Chriss', 2016, 0.30496739663820516), ('SAS', 'Dejounte Murray', 2016, 0.2554416270094306), ('PHI', 'Markelle Fultz', 2017, 0.34150372653763045), ('MIN', 'Jaylen Nowell', 2019, 0.21334753127334058), ('PHI', 'Matisse Thybulle', 2019, 0.21697186876280705), ('DET', 'Isaiah Stewart', 2020, 0.32572058274403326), ('MIN', 'Jaden McDaniels', 2020, 0.2591591811920524)]"
Miami (FL),"[('MIA', 'Tim James', 1999, 0.3410471452751341), ('PHI', 'John Salmons', 2002, 0.18901289727047063), ('IND', 'James Jones', 2003, 0.15128255561573978), ('DAL', 'Shane Larkin', 2013, 0.22050106257710023)]"
Texas State,"[('IND', 'Jeff Foster', 1999, 0.21669415609972395)]"
Miami (OH),"[('MIN', 'Wally Szczerbiak', 1999, 0.36641991083154163)]"
Pittsburgh,"[('GSW', 'Vonteego Cummings', 1999, 0.33116386782244595), ('GSW', 'Chris Taft', 2005, 0.2104829872251779), ('CHI', 'Aaron Gray', 2007, 0.26131900581548656), ('MEM', 'Sam Young', 2009, 0.27652318507280965), ('SAS', 'DeJuan Blair', 2009, 0.34748683755140014), ('OKC', 'Steven Adams', 2013, 0.23549278654002478)]"
Creighton,"[('MIA', 'Rodney Buford', 1999, 0.22028440378421768), ('PHI', 'Kyle Korver', 2003, 0.2256794539098589), ('CHI', 'Doug McDermott', 2014, 0.19783576735424271), ('MIN', 'Justin Patton', 2017, 0.2585808541716186), ('DET', 'Khyri Thomas', 2018, 0.16592856167361636)]"
Penn State,"[('WAS', 'Calvin Booth', 1999, 0.22157597897602996)]"
Old Dominion,"[('ATL', 'Cal Bowdler', 1999, 0.18974622551850354)]"
Fresno State,"[('DEN', 'Chris Herren', 1999, 0.22526992628290463), ('WAS', 'Courtney Alexander', 2000, 0.29348324046039315), ('LAC', 'Melvin Ely', 2002, 0.2434070393619304), ('HOU', 'Tito Maddox', 2002, 0.18875685713366477), ('TOR', 'Chris Jefferies', 2002, 0.20043051489169747), ('WAS', 'Dominic McGuire', 2007, 0.15773846577415016), ('IND', 'Paul George', 2010, 0.28910655756384657)]"
Barton Community College,"[('TOR', 'Aleksandar Radojevic', 1999, 0.21469855675052685)]"
Northwestern,"[('NJN', 'Evan Eschmeyer', 1999, 0.222131299035224)]"
Xavier,"[('DEN', 'James Posey', 1999, 0.2984857917830123), ('NOH', 'David West', 2003, 0.24783093473066645), ('LAC', 'Lionel Chalmers', 2004, 0.20431899509561588), ('CHA', 'Derrick Brown', 2009, 0.20734545400809598), ('WAS', 'Jordan Crawford', 2010, 0.3587567398792196), ('IND', 'Edmond Sumner', 2017, 0.2705214063274953)]"
Augsburg,"[('LAL', 'Devean George', 1999, 0.2308381825552314)]"
Ohio State,"[('MIL', 'Michael Redd', 2000, 0.1976663750306321), ('MIA', 'Daequan Cook', 2007, 0.2901249977056658), ('MEM', 'Mike Conley', 2007, 0.34702953085683347), ('UTA', 'Kosta Koufos', 2008, 0.2458312422063468), ('OKC', 'Byron Mullens', 2009, 0.16391939653552265), ('PHI', 'Evan Turner', 2010, 0.2944971899142984), ('BOS', 'Jared Sullinger', 2012, 0.2986502765417427), ('LAL', ""D'Angelo Russell"", 2015, 0.39017463488040116), ('MIN', 'Keita Bates-Diop', 2018, 0.22330547835371514), ('SAS', 'Malaki Branham', 2022, 0.3109367772640013)]"
Louisiana-Monroe,"[('WAS', 'Mike Smith', 2000, 0.1878312061552063)]"
Missouri,"[('LAC', 'Keyon Dooling', 2000, 0.26982736361609333), ('LAL', 'Kareem Rush', 2002, 0.19558314494276133), ('DEN', 'Linas Kleiza', 2005, 0.21631348534851833), ('MEM', 'DeMarre Carroll', 2009, 0.18887373165550178), ('DET', 'Kim English', 2012, 0.18763360008882593), ('LAL', 'Jordan Clarkson', 2014, 0.3824600511154612)]"
Auburn,"[('TOR', ""Mamadou N'diaye"", 2000, 0.17364957944245932), ('GSW', 'Chris Porter', 2000, 0.2922960767469769), ('IND', 'Jamison Brewer', 2001, 0.1329873635631015), ('CLE', 'Isaac Okoro', 2020, 0.2910086283012292), ('CHA', 'JT Thor', 2021, 0.17718065916333656), ('ATL', 'Sharife Cooper', 2021, 0.14288757064628896), ('UTA', 'Walker Kessler', 2022, 0.3746669380482959), ('HOU', 'Jabari Smith Jr.', 2022, 0.37664484977607077)]"
Purdue,"[('DET', 'Brian Cardinal', 2000, 0.17167018339553639), ('HOU', 'Carl Landry', 2007, 0.3340585886476126), ('BOS', 'JaJuan Johnson', 2011, 0.21652121399509427), ('BOS', ""E'Twaun Moore"", 2011, 0.22725980069216967), ('DAL', 'AJ Hammons', 2016, 0.1875136872473602), ('POR', 'Caleb Swanigan', 2017, 0.20567236581566625), ('HOU', 'Vincent Edwards', 2018, 0.13094234223396276), ('BOS', 'Carsen Edwards', 2019, 0.19647338467485223), ('DET', 'Jaden Ivey', 2022, 0.46488982587533645)]"
Texas,"[('CLE', 'Chris Mihm', 2000, 0.29104708809978086), ('MEM', 'Chris Owens', 2002, 0.37501722319453884), ('MIL', 'T.J. Ford', 2003, 0.37049388259363997), ('ATL', 'Royal Ivey', 2004, 0.22121966697080053), ('CLE', 'Daniel Gibson', 2006, 0.2328444591062495), ('TOR', 'PJ Tucker', 2006, 0.19228772324030285), ('POR', 'LaMarcus Aldridge', 2006, 0.3072136636722718), ('SEA', 'Kevin Durant', 2007, 0.45419487068085823), ('CHA', 'D.J. Augustin', 2008, 0.3602451683778929), ('NJN', 'Damion James', 2010, 0.2381588658495699), ('MIA', 'Dexter Pittman', 2010, 0.27414921166557643), ('BOS', 'Avery Bradley', 2010, 0.19188024535228432), ('SAS', 'Cory Joseph', 2011, 0.17502248385063712), ('DEN', 'Jordan Hamilton', 2011, 0.273633289202295), ('CLE', 'Tristan Thompson', 2011, 0.3149597266548078), ('IND', 'Myles Turner', 2015, 0.33771611641761584), ('BKN', 'Jarrett Allen', 2017, 0.3168753058795062)]"
Oklahoma State,"[('SEA', 'Desmond Mason', 2000, 0.2456505458540894), ('BOS', 'Tony Allen', 2004, 0.28397131848511686), ('TOR', 'Joey Graham', 2005, 0.26689620456573265), ('SAS', 'James Anderson', 2010, 0.2057506777349244), ('BKN', 'Markel Brown', 2014, 0.21663865506847557), ('BOS', 'Marcus Smart', 2014, 0.3125207311057134), ('LAC', 'Jawun Evans', 2017, 0.24583076933485612), ('DET', 'Cade Cunningham', 2021, 0.5087988162387824)]"
Oklahoma,"[('DAL', 'Eduardo Najera', 2000, 0.21539439901695256), ('PHX', 'Taylor Griffin', 2009, 0.16228546985854703), ('LAC', 'Willie Warren', 2010, 0.20418096147597797), ('SAC', 'Buddy Hield', 2016, 0.3279474711740264), ('ATL', 'Trae Young', 2018, 0.5530425252052927)]"
Arizona State,"[('MIA', 'Eddie House', 2000, 0.2513034304316713), ('GSW', 'Ike Diogu', 2005, 0.2863717969999025), ('OKC', 'James Harden', 2009, 0.34026916278595337), ('POR', 'Jeff Ayres', 2009, 0.2082970720853825), ('CLE', 'Carrick Felix', 2013, 0.24553807388961987), ('HOU', 'Josh Christopher', 2021, 0.3026816814944913)]"
Vanderbilt,"[('HOU', 'Dan Langhi', 2000, 0.1962059386377757), ('NOH', 'Matt Freije', 2004, 0.20814401387705214), ('CHA', 'Jeffery Taylor', 2012, 0.23338135654774658), ('ATL', 'John Jenkins', 2012, 0.25097483744107296), ('GSW', 'Festus Ezeli', 2012, 0.19849190459081878), ('MEM', 'Wade Baldwin IV', 2016, 0.22356442671389884), ('GSW', 'Damian Jones', 2016, 0.17780901393798065), ('CLE', 'Darius Garland', 2019, 0.35628371054795577), ('BOS', 'Aaron Nesmith', 2020, 0.2293285382856042), ('DET', 'Saben Lee', 2020, 0.29724135440541233)]"
Northern Arizona,"[('DEN', 'Dan McClintock', 2000, 0.20206544596631804)]"
DePaul,"[('LAC', 'Quentin Richardson', 2000, 0.2953590660026354), ('ORL', 'Steven Hunter', 2001, 0.20679114283261602), ('WAS', 'Bobby Simmons', 2001, 0.21570150282924094), ('NYK', 'Wilson Chandler', 2007, 0.2747165444889998), ('PHI', 'Paul Reed', 2020, 0.2700811002829538)]"
North Carolina-Charlotte,"[('DET', 'Rodney White', 2001, 0.2632022676654126)]"
Clemson,"[('MEM', 'Will Solomon', 2001, 0.24375820412120366), ('WAS', 'Trevor Booker', 2010, 0.252542039408453), ('HOU', 'KJ McDaniels', 2014, 0.2845858446852308)]"
Seton Hall,"[('PHI', 'Samuel Dalembert', 2001, 0.18327307075262808), ('HOU', 'Eddie Griffin', 2001, 0.30613424628481933), ('BKN', 'Isaiah Whitehead', 2016, 0.2943957412658444), ('MIL', 'Sandro Mamukelashvili', 2021, 0.2226459910810394)]"
Northwest Florida State,"[('BOS', 'Kedrick Brown', 2001, 0.1802325562517321)]"
Arkansas,"[('PHX', 'Joe Johnson', 2001, 0.28987814278917257), ('UTA', 'Ronnie Brewer', 2006, 0.21864520919023922), ('DEN', 'Sonny Weems', 2008, 0.19027308088594239), ('CHI', 'Bobby Portis', 2015, 0.30349375749600066), ('CHI', 'Daniel Gafford', 2019, 0.24480734026995774), ('PHI', 'Isaiah Joe', 2020, 0.2070366528483598), ('GSW', 'Moses Moody', 2021, 0.21341229888796578), ('OKC', 'Jaylin Williams', 2022, 0.2871463122468732)]"
Southern Methodist,"[('ORL', 'Jeryl Sasser', 2001, 0.17776120365932646), ('MIL', 'Sterling Brown', 2017, 0.21145486457876553), ('BOS', 'Semi Ojeleye', 2017, 0.16778034946438822), ('PHI', 'Shake Milton', 2018, 0.2131279468273355)]"
Pepperdine,"[('NJN', 'Brandon Armstrong', 2001, 0.17669199435207603), ('DET', 'Alex Acker', 2005, 0.1845384827639711), ('BKN', 'Kessler Edwards', 2021, 0.241694670061569)]"
Houston,"[('PHX', 'Alton Ford', 2001, 0.21673926886015962), ('NYK', 'Damyean Dotson', 2017, 0.22548610013689996), ('NYK', 'Quentin Grimes', 2021, 0.24298612669248185)]"
La Salle,"[('MIA', 'Rasual Butler', 2002, 0.27627939194305867)]"
Illinois,"[('MEM', 'Robert Archibald', 2002, 0.186638630894337), ('NYK', 'Frank Williams', 2002, 0.17806712073182074), ('LAL', 'Brian Cook', 2003, 0.23666735355918153), ('HOU', 'Luther Head', 2005, 0.3153813970884844), ('UTA', 'Deron Williams', 2005, 0.36500968977516796), ('ORL', 'James Augustine', 2006, 0.18688927830597155), ('UTA', 'Dee Brown', 2006, 0.1892342252308277), ('POR', 'Meyers Leonard', 2012, 0.25463768817642785), ('CHI', 'Ayo Dosunmu', 2021, 0.3203764540334619)]"
Virginia,"[('CHI', 'Roger Mason Jr.', 2002, 0.17381475355971157), ('CHA', 'Sean Singletary', 2008, 0.1998283300524001), ('ATL', 'Mike Scott', 2012, 0.2603255934376112), ('CLE', 'Joe Harris', 2014, 0.18534988002743544), ('DAL', 'Justin Anderson', 2015, 0.22467543766841236), ('MIL', 'Malcolm Brogdon', 2016, 0.3697557948271934), ('SAC', 'Kyle Guy', 2019, 0.1677920797313028), ('ATL', ""De'Andre Hunter"", 2019, 0.34213578615983825), ('PHX', 'Ty Jerome', 2019, 0.21193412266038622), ('NOP', 'Trey Murphy III', 2021, 0.2351513891895436)]"
Northeast Mississippi Community College,"[('POR', 'Qyntel Woods', 2002, 0.2032643481487232)]"
Marshall,"[('NJN', 'Tamar Slay', 2002, 0.19737913346203817), ('SAC', 'Hassan Whiteside', 2010, 0.0)]"
Gonzaga,"[('ATL', 'Dan Dickau', 2002, 0.2380483433023919), ('LAL', 'Ronny Turiaf', 2005, 0.1875737585560322), ('CHA', 'Adam Morrison', 2006, 0.33122036946911587), ('DET', 'Austin Daye', 2009, 0.24429996643691754), ('LAL', 'Robert Sacre', 2012, 0.1498073856621364), ('BOS', 'Kelly Olynyk', 2013, 0.3400181371442237), ('OKC', 'Domantas Sabonis', 2016, 0.2540402232465032), ('POR', 'Zach Collins', 2017, 0.23692926623939073), ('MEM', 'Brandon Clarke', 2019, 0.3775353119381193), ('WAS', 'Rui Hachimura', 2019, 0.3821035547323613), ('GSW', 'Zach Norvell Jr.', 2019, 0.1689912425766988), ('ORL', 'Jalen Suggs', 2021, 0.39827501436323115), ('WAS', 'Corey Kispert', 2021, 0.27095920069159574), ('IND', 'Andrew Nembhard', 2022, 0.346382618591864)]"
Oregon,"[('IND', 'Fred Jones', 2002, 0.14624116505694398), ('SEA', 'Luke Ridnour', 2003, 0.26999372226880797), ('CLE', 'Luke Jackson', 2004, 0.24355487446422516), ('HOU', 'Aaron Brooks', 2007, 0.2661979786822695), ('SAS', 'Malik Hairston', 2008, 0.22425202241150388), ('IND', 'Joe Young', 2015, 0.2457559613676643), ('ATL', 'Tyler Dorsey', 2017, 0.2714607769329273), ('MEM', 'Dillon Brooks', 2017, 0.3155713758098671), ('GSW', 'Jordan Bell', 2017, 0.3008560987648065), ('WAS', 'Troy Brown Jr.', 2018, 0.2473581268482203), ('DEN', 'Bol Bol', 2019, 0.2812213137969826), ('BOS', 'Payton Pritchard', 2020, 0.28654982370495086), ('IND', 'Chris Duarte', 2021, 0.3653049326737176)]"
Shaw,"[('SEA', 'Flip Murray', 2002, 0.2223457422624657)]"
Central Michigan,"[('LAC', 'Chris Kaman', 2003, 0.2889600327254731)]"
Ohio,"[('BOS', 'Brandon Hunter', 2003, 0.22558584017693162)]"
North Dakota,"[('MIA', 'Jerome Beasley', 2003, 0.2940468763828574)]"
Detroit Mercy,"[('PHI', 'Willie Green', 2003, 0.2763283974536321), ('SAC', 'Ray McCallum', 2013, 0.2688566204771084)]"
Boston College,"[('MEM', 'Troy Bell', 2003, 0.22824074955010917), ('MIN', 'Craig Smith', 2006, 0.30348501446487464), ('CHA', 'Jared Dudley', 2007, 0.2635337259848815), ('NJN', 'Sean Williams', 2007, 0.2631150127171737), ('OKC', 'Reggie Jackson', 2011, 0.2277023168775496), ('LAC', 'Jerome Robinson', 2018, 0.19800281152258262)]"
Brigham Young,"[('ATL', 'Travis Hansen', 2003, 0.18250650775796584), ('TOR', 'Rafael Araujo', 2004, 0.21589453606776118), ('SAC', 'Jimmer Fredette', 2011, 0.2730785502225734)]"
Central Florida,"[('ORL', 'Mark Jones', 2004, 0.15445977266254285), ('HOU', 'Jermaine Taylor', 2009, 0.22772584628142392)]"
Cal State-Fullerton,"[('TOR', 'Pape Sow', 2004, 0.18063814040015738)]"
Nevada,"[('UTA', 'Kirk Snyder', 2004, 0.23682704123192247), ('LAC', 'Nick Fazekas', 2007, 0.2603485230375006), ('MIL', 'Ramon Sessions', 2007, 0.4062080954194891), ('WAS', 'JaVale McGee', 2008, 0.2782239004328228), ('POR', 'Armon Johnson', 2010, 0.23666209709092487), ('POR', 'Luke Babbitt', 2010, 0.17304810846779875), ('TOR', 'Jalen Harris', 2020, 0.2918262167569512)]"
Western Carolina,"[('SAC', 'Kevin Martin', 2004, 0.19851540025724512)]"
Manhattan,"[('DEN', 'Luis Flores', 2004, 0.2630386457816775)]"
Mississippi,"[('BOS', 'Justin Reed', 2004, 0.21210098803773966)]"
Saint Joseph's,"[('BOS', 'Delonte West', 2004, 0.24121801527436548), ('ORL', 'Jameer Nelson', 2004, 0.3271318440556552), ('ATL', ""DeAndre' Bembry"", 2016, 0.19522608836915736)]"
Wisconsin,"[('DAL', 'Devin Harris', 2004, 0.265521088490193), ('PHX', 'Alando Tucker', 2007, 0.22142282669522614), ('MIL', 'Jon Leuer', 2011, 0.23883399376691217), ('CHA', 'Frank Kaminsky', 2015, 0.28790431942512407), ('HOU', 'Sam Dekker', 2015, 0.011704360200671907), ('WAS', 'Johnny Davis', 2022, 0.2455523243976382)]"
Southeastern Illinois,"[('ATL', 'Donta Smith', 2004, 0.20659263879818343)]"
Yonsei (KOR),"[('POR', 'Ha Ha', 2004, 0.1726723587814585)]"
Walsh,"[('UTA', 'Robert Whaley', 2005, 0.1876351297283265)]"
Louisiana-Lafayette,"[('BOS', 'Orien Greene', 2005, 0.21249082086358614), ('ORL', 'Elfrid Payton', 2014, 0.40327303744496845)]"
Texas A&M,"[('NJN', 'Antoine Wright', 2005, 0.15386864892889288), ('ATL', 'Acie Law', 2007, 0.22549104706732373), ('LAC', 'DeAndre Jordan', 2008, 0.2491559286270529), ('DET', 'Khris Middleton', 2012, 0.24730506602649246), ('BOS', 'Robert Williams III', 2018, 0.2101529644035112)]"
Rutgers,"[('SAC', 'Quincy Douby', 2006, 0.18709133135270642), ('WAS', 'Hamady Ndiaye', 2010, 0.1512202770577021)]"
Louisiana Tech,"[('UTA', 'Paul Millsap', 2006, 0.3159563086927864)]"
South Florida,"[('ATL', 'Solomon Jones', 2006, 0.20642330014873353), ('DAL', 'Dominique Jones', 2010, 0.2157805761264414)]"
Temple,"[('NYK', 'Mardy Collins', 2006, 0.24230854067814614), ('PHI', 'Lavoy Allen', 2011, 0.26150224499692903)]"
Colorado State,"[('PHI', 'Jason Smith', 2007, 0.2249902176103702), ('MEM', 'David Roddy', 2022, 0.2539318556547436)]"
Eastern Washington,"[('DET', 'Rodney Stuckey', 2007, 0.3254857078853061)]"
Rice,"[('UTA', 'Morris Almond', 2007, 0.1706571883283937)]"
West Virginia,"[('MIL', 'Joe Alexander', 2008, 0.23749940679960777), ('LAL', 'Devin Ebanks', 2010, 0.22456140055413068), ('MEM', 'Jevon Carter', 2018, 0.23252217931954275), ('NYK', 'Miles McBride', 2021, 0.20618085524022842)]"
Rider,"[('SAC', 'Jason Thompson', 2008, 0.37087344219936824)]"
Kansas State,"[('BOS', 'Henry Walker', 2008, 0.2224825233413521), ('MIA', 'Michael Beasley', 2008, 0.3956792776220948), ('ORL', 'Wes Iwundu', 2017, 0.19915690642385195)]"
Indiana Purdue-Indianapolis,"[('SAS', 'George Hill', 2008, 0.2740584804742809)]"
Alabama-Birmingham,"[('DET', 'Walter Sharpe', 2008, 0.19058977228293908)]"
Midland,"[('TOR', 'Nathan Jawai', 2008, 0.0999027660992861)]"
Saint Mary's (CA),"[('POR', 'Patty Mills', 2009, 0.25428387735332525)]"
Davidson,"[('GSW', 'Stephen Curry', 2009, 0.48798689709702625)]"
Virginia Commonwealth,"[('OKC', 'Eric Maynor', 2009, 0.2789348519396307), ('MIL', 'Larry Sanders', 2010, 0.2241198221692706), ('DEN', 'Bones Hyland', 2021, 0.356604167010307), ('MEM', 'Vince Williams Jr.', 2022, 0.16710859102507722)]"
Tennessee-Martin,"[('MEM', 'Lester Hudson', 2009, 0.2230636758333854)]"
Butler,"[('UTA', 'Gordon Hayward', 2010, 0.2430884163583695), ('WAS', 'Shelvin Mack', 2011, 0.23401569784168366)]"
Le Moyne,"[('WAS', 'Kevin Seraphin', 2010, 0.1924515115409544)]"
Texas-El Paso,"[('LAL', 'Derrick Caracter', 2010, 0.1995154038495626)]"
Richmond,"[('ORL', 'Justin Harper', 2011, 0.1656138223375209)]"
San Diego State,"[('SAS', 'Kawhi Leonard', 2011, 0.3145026895130213), ('MEM', 'Jamaal Franklin', 2013, 0.18520467691935194), ('CHA', 'Jalen McDaniels', 2019, 0.2592426398825914), ('TOR', 'Malachi Flynn', 2020, 0.30065913269751254)]"
Morehead State,"[('DEN', 'Kenneth Faried', 2011, 0.3721018631055677)]"
Oakland,"[('GSW', 'Keith Benson', 2011, 0.15359525554160697)]"
Northern Illinois,"[('PHI', 'Xavier Silas', 2011, 0.24204353729142583)]"
Hofstra,"[('GSW', 'Charles Jenkins', 2011, 0.2812283137840897), ('UTA', 'Justin Wright-Foreman', 2019, 0.2532478236479236)]"
Cleveland State,"[('MIA', 'Norris Cole', 2011, 0.27396753946640917)]"
St. Bonaventure,"[('ORL', 'Andrew Nicholson', 2012, 0.296922994979252)]"
Weber State,"[('POR', 'Damian Lillard', 2012, 0.49747375665002264), ('UTA', 'Joel Bolomboy', 2016, 0.23620790478302642)]"
California-Santa Barbara,"[('IND', 'Orlando Johnson', 2012, 0.23544364720218525)]"
Tennessee Tech,"[('UTA', 'Kevin Murphy', 2012, 0.1645688249622736)]"
Norfolk State,"[('ORL', ""Kyle O'Quinn"", 2012, 0.25903821437067703)]"
Lehigh,"[('POR', 'CJ McCollum', 2013, 0.23929448397054584)]"
North Texas,"[('DET', 'Tony Mitchell', 2013, 0.17401546333524545)]"
South Dakota State,"[('MIL', 'Nate Wolters', 2013, 0.29941422870762)]"
Bucknell,"[('ATL', 'Mike Muscala', 2013, 0.22884722967204305)]"
Wichita State,"[('NYK', 'Cleanthony Early', 2014, 0.24495052193239109), ('LAC', 'Landry Shamet', 2018, 0.2797608470488438)]"
UNLV,"[('MIL', 'Rashad Vaughn', 2015, 0.17156836862052285)]"
Georgia State,"[('BOS', 'RJ Hunter', 2015, 0.18278423410790368)]"
Wyoming,"[('LAL', 'Larry Nance Jr.', 2015, 0.26228893671959097), ('SAC', 'Justin James', 2019, 0.1926430158627349)]"
New Mexico State,"[('TOR', 'Pascal Siakam', 2016, 0.22148075785269802)]"
Miami,"[('PHX', 'Davon Reed', 2017, 0.1884073194309861), ('DET', 'Bruce Brown', 2018, 0.21336216585402237), ('SAS', 'Lonnie Walker IV', 2018, 0.19632364143917877), ('TOR', 'Dewan Hernandez', 2019, 0.2824335607419573)]"
"University of California, Berkeley","[('MEM', 'Ivan Rabb', 2017, 0.28479255730804653)]"
University of Colorado Boulder,"[('PHX', 'George King', 2018, 0.014005602240896357)]"
Missouri State,"[('IND', 'Alize Johnson', 2018, 0.12986059381431442)]"
Boise State,"[('CHI', 'Chandler Hutchison', 2018, 0.2430268430597126)]"
USC,"[('PHX', ""De'Anthony Melton"", 2018, 0.27351013968073123), ('SAS', 'Chimezie Metu', 2018, 0.19408252285834052)]"
University of Dayton,"[('DAL', 'Kostas Antetokounmpo', 2018, 0.19697719993307658)]"
Georgia Institute of Technology,"[('MIN', 'Josh Okogie', 2018, 0.25980068444767007)]"
University of Texas at Austin,"[('ORL', 'Mo Bamba', 2018, 0.28904385253437587)]"
Texas-Austin,"[('NOP', 'Jaxson Hayes', 2019, 0.2970565889134862), ('POR', 'Greg Brown III', 2021, 0.2392551050199052), ('CHA', 'Kai Jones', 2021, 0.1807493434624223), ('NYK', 'Jericho Sims', 2021, 0.23519387542251594)]"
Nebraska-Lincoln,"[('OKC', 'Isaiah Roby', 2019, 0.04022380160290337)]"
Virginia Tech ,"[('WAS', 'Justin Robinson', 2019, 0.25639806394744674)]"
Nevada-Reno,"[('CHA', 'Cody Martin', 2019, 0.25707095380641515)]"
Yale,"[('UTA', 'Miye Oni', 2019, 0.19941840473899475)]"
Virginia Tech,"[('NOP', 'Nickeil Alexander-Walker', 2019, 0.27770832548118907)]"
                                   ,"[('LAC', 'Jay Scrubb', 2020, 0.28217034254409823)]"
TCU,"[('MEM', 'Desmond Bane', 2020, 0.30426851110701403)]"
Utah State,"[('MIL', 'Sam Merrill', 2020, 0.20634686623004161), ('SAC', 'Neemias Queta', 2021, 0.21166510951342074)]"
Dayton,"[('NYK', 'Obi Toppin', 2020, 0.23434400243385753)]"
Loyola-Maryland,"[('MEM', 'Santi Aldama', 2021, 0.2297848856055528)]"
Wisconsin-Milwaukee,"[('GSW', 'Patrick Baldwin', 2022, 0.23668322799154975)]"
